domain,group,sequence,method,threshold,run,lk_used_frames,total_frames,adoption_pct,source
TUM,a1_fr1desk,a1_fr1desk,lk_adaptive,adaptive (init 0.40),1,563,571,98.5989,log
TUM,a1_fr1desk,a1_fr1desk,lk_adaptive,adaptive (init 0.40),2,563,571,98.5989,log
TUM,a1_fr1desk,a1_fr1desk,lk_adaptive,adaptive (init 0.40),3,562,571,98.4238,log
TUM,a1_fr1desk,a1_fr1desk,lk_adaptive,adaptive (init 0.40),4,562,571,98.4238,log
TUM,a1_fr1desk,a1_fr1desk,lk_adaptive,adaptive (init 0.40),5,559,571,97.8984,log
TUM,a1_office,a1_office,lk_adaptive,adaptive (init 0.40),1,2472,2486,99.4368,log
TUM,a1_office,a1_office,lk_adaptive,adaptive (init 0.40),2,2474,2486,99.5173,log
TUM,a1_office,a1_office,lk_adaptive,adaptive (init 0.40),3,2470,2486,99.3564,log
TUM,a1_sitting,a1_sitting,lk_adaptive,adaptive (init 0.40),1,1216,1217,99.9178,log
TUM,a1_sitting,a1_sitting,lk_adaptive,adaptive (init 0.40),2,1209,1217,99.3426,log
TUM,a1_sitting,a1_sitting,lk_adaptive,adaptive (init 0.40),3,1215,1217,99.8357,log
KITTI,a2_kitti05,a2_kitti05,lk_adaptive,0.20 pinned,1,817,2759,29.6122,log
KITTI,a2_kitti05,a2_kitti05,lk_adaptive,0.20 pinned,2,810,2755,29.4011,log
KITTI,a2_kitti05,a2_kitti05,lk_adaptive,0.20 pinned,3,757,2759,27.4375,log
KITTI,a2_kitti05,a2_kitti05,lk_adaptive,0.20 pinned,4,779,2759,28.2349,log
KITTI,a2_kitti05,a2_kitti05,lk_adaptive,0.20 pinned,5,773,2759,28.0174,log
KITTI,a3_kitti05,a3_kitti05,lk_adaptive,adaptive (default),1,2367,2759,85.7920,log
KITTI,a3_kitti05,a3_kitti05,lk_adaptive,adaptive (default),2,2374,2759,86.0457,log
KITTI,a3_kitti05,a3_kitti05,lk_adaptive,adaptive (default),3,2358,2759,85.4657,log
KITTI,a3_kitti05,a3_kitti05,lk_adaptive,adaptive (default),4,2379,2759,86.2269,log
KITTI,a3_kitti05,a3_kitti05,lk_adaptive,adaptive (default),5,2353,2759,85.2845,log
TUM,legacy_single_run,fr1_desk,base,,single,,,,log
TUM,legacy_single_run,fr1_xyz,base,,single,,,,log
TUM,legacy_single_run,fr2_desk,base,,single,,,,log
TUM,legacy_single_run,fr2_xyz,base,,single,,,,log
TUM,legacy_single_run,fr3_office,base,,single,,,,log
TUM,legacy_single_run,fr3_sitting,base,,single,,,,log
KITTI,kitti00_batch,KITTI 00,base,,1,,,,missing
KITTI,kitti00_batch,KITTI 00,base,,2,,,,missing
KITTI,kitti00_batch,KITTI 00,base,,3,,,,missing
KITTI,kitti00_batch,KITTI 00,lk,,1,1523,4539,33.5536,lkstats
KITTI,kitti00_batch,KITTI 00,lk,,2,1499,4539,33.0249,lkstats
KITTI,kitti00_batch,KITTI 00,lk,,3,1482,4539,32.6504,lkstats
KITTI,kitti05_ablation,KITTI 05,lk,0.10,0,336,2759,12.1783,log
KITTI,kitti05_ablation,KITTI 05,lk,0.10,1,378,2759,13.7006,log
KITTI,kitti05_ablation,KITTI 05,lk,0.10,2,372,2759,13.4831,log
KITTI,kitti05_ablation,KITTI 05,lk,0.10,3,398,2759,14.4255,log
KITTI,kitti05_ablation,KITTI 05,lk,0.20,0,771,2759,27.9449,log
KITTI,kitti05_ablation,KITTI 05,lk,0.20,1,811,2759,29.3947,log
KITTI,kitti05_ablation,KITTI 05,lk,0.20,2,790,2759,28.6336,log
KITTI,kitti05_ablation,KITTI 05,lk,0.20,3,801,2759,29.0323,log
KITTI,kitti05_ablation,KITTI 05,lk,0.30,0,1218,2759,44.1464,log
KITTI,kitti05_ablation,KITTI 05,lk,0.30,1,1202,2759,43.5665,log
KITTI,kitti05_ablation,KITTI 05,lk,0.30,2,1198,2759,43.4215,log
KITTI,kitti05_ablation,KITTI 05,lk,0.30,3,1208,2759,43.7840,log
KITTI,kitti05_ablation,KITTI 05,lk,0.50,0,1828,2759,66.2559,log
KITTI,kitti05_ablation,KITTI 05,lk,1.00,0,2461,2759,89.1990,log
KITTI,kitti05_ablation,KITTI 05,lk,1.00,1,2460,2759,89.1627,log
KITTI,kitti05_ablation,KITTI 05,lk,1.00,2,2460,2759,89.1627,log
KITTI,kitti05_ablation,KITTI 05,lk,1.00,3,2468,2759,89.4527,log
KITTI,kitti05_baseline,KITTI 05,base,,1,,,,missing
KITTI,kitti05_baseline,KITTI 05,base,,2,,,,missing
KITTI,kitti05_baseline,KITTI 05,base,,3,,,,missing
KITTI,kitti05_ablation,KITTI 05,lk,0.40,1,,,,missing
KITTI,kitti05_ablation,KITTI 05,lk,0.40,2,,,,missing
KITTI,kitti05_ablation,KITTI 05,lk,0.40,3,,,,missing
TUM,fr3_ablation,fr3_office,lk,0.10,1,2483,2486,99.8793,log
TUM,fr3_ablation,fr3_office,lk,0.10,2,2484,2486,99.9195,log
TUM,fr3_ablation,fr3_office,lk,0.10,3,2484,2486,99.9195,log
TUM,fr3_ablation,fr3_office,lk,0.20,1,2486,2486,100.0000,log
TUM,fr3_ablation,fr3_office,lk,0.20,2,2486,2486,100.0000,log
TUM,fr3_ablation,fr3_office,lk,0.20,3,2486,2486,100.0000,log
TUM,fr3_ablation,fr3_office,lk,0.30,1,2486,2486,100.0000,log
TUM,fr3_ablation,fr3_office,lk,0.30,2,2486,2486,100.0000,log
TUM,fr3_ablation,fr3_office,lk,0.30,3,2486,2486,100.0000,log
TUM,fr3_ablation,fr3_office,lk,0.40,1,2486,2486,100.0000,log
TUM,fr3_ablation,fr3_office,lk,0.40,2,2486,2486,100.0000,log
TUM,fr3_ablation,fr3_office,lk,0.40,3,2486,2486,100.0000,log
TUM,fr3_ablation,fr3_office,lk,0.50,1,2486,2486,100.0000,log
TUM,fr3_ablation,fr3_office,lk,0.50,2,2486,2486,100.0000,log
TUM,fr3_ablation,fr3_office,lk,0.50,3,2486,2486,100.0000,log
TUM,fr3_ablation,fr3_office,lk,1.00,1,2486,2486,100.0000,log
TUM,fr3_ablation,fr3_office,lk,1.00,2,2486,2486,100.0000,log
TUM,fr3_ablation,fr3_office,lk,1.00,3,2486,2486,100.0000,log
TUM,fr3_ablation,fr3_sitting,lk,0.10,1,1217,1217,100.0000,log
TUM,fr3_ablation,fr3_sitting,lk,0.10,2,1217,1217,100.0000,log
TUM,fr3_ablation,fr3_sitting,lk,0.10,3,1217,1217,100.0000,log
TUM,fr3_ablation,fr3_sitting,lk,0.20,1,1217,1217,100.0000,log
TUM,fr3_ablation,fr3_sitting,lk,0.20,2,1217,1217,100.0000,log
TUM,fr3_ablation,fr3_sitting,lk,0.20,3,1217,1217,100.0000,log
TUM,fr3_ablation,fr3_sitting,lk,0.30,1,1217,1217,100.0000,log
TUM,fr3_ablation,fr3_sitting,lk,0.30,2,1217,1217,100.0000,log
TUM,fr3_ablation,fr3_sitting,lk,0.30,3,1217,1217,100.0000,log
TUM,fr3_ablation,fr3_sitting,lk,0.40,1,1217,1217,100.0000,log
TUM,fr3_ablation,fr3_sitting,lk,0.40,2,1217,1217,100.0000,log
TUM,fr3_ablation,fr3_sitting,lk,0.40,3,1217,1217,100.0000,log
TUM,fr3_ablation,fr3_sitting,lk,0.50,1,1217,1217,100.0000,log
TUM,fr3_ablation,fr3_sitting,lk,0.50,2,1217,1217,100.0000,log
TUM,fr3_ablation,fr3_sitting,lk,0.50,3,1217,1217,100.0000,log
TUM,fr3_ablation,fr3_sitting,lk,1.00,1,1217,1217,100.0000,log
TUM,fr3_ablation,fr3_sitting,lk,1.00,2,1217,1217,100.0000,log
TUM,fr3_ablation,fr3_sitting,lk,1.00,3,1217,1217,100.0000,log
TUM,fr3_baseline,fr3_office,base,,1,,,,log
TUM,fr3_baseline,fr3_office,base,,2,,,,log
TUM,fr3_baseline,fr3_office,base,,3,,,,log
TUM,fr3_baseline,fr3_sitting,base,,1,,,,log
TUM,fr3_baseline,fr3_sitting,base,,2,,,,log
TUM,fr3_baseline,fr3_sitting,base,,3,,,,log
TUM,fr12,fr1_desk,base,,1,,,,log
TUM,fr12,fr1_desk,base,,2,,,,log
TUM,fr12,fr1_desk,base,,3,,,,log
TUM,fr12,fr1_desk,lk,0.40,1,571,571,100.0000,log
TUM,fr12,fr1_desk,lk,0.40,2,571,571,100.0000,log
TUM,fr12,fr1_desk,lk,0.40,3,570,571,99.8249,log
TUM,fr12,fr1_xyz,base,,1,,,,log
TUM,fr12,fr1_xyz,base,,2,,,,log
TUM,fr12,fr1_xyz,base,,3,,,,log
TUM,fr12,fr1_xyz,lk,0.40,1,790,790,100.0000,log
TUM,fr12,fr1_xyz,lk,0.40,2,790,790,100.0000,log
TUM,fr12,fr1_xyz,lk,0.40,3,790,790,100.0000,log
TUM,fr12,fr2_desk,base,,1,,,,log
TUM,fr12,fr2_desk,base,,2,,,,log
TUM,fr12,fr2_desk,base,,3,,,,log
TUM,fr12,fr2_desk,lk,0.40,1,2891,2891,100.0000,log
TUM,fr12,fr2_desk,lk,0.40,2,2891,2891,100.0000,log
TUM,fr12,fr2_desk,lk,0.40,3,2891,2891,100.0000,log
TUM,fr12,fr2_xyz,base,,1,,,,log
TUM,fr12,fr2_xyz,base,,2,,,,log
TUM,fr12,fr2_xyz,base,,3,,,,log
TUM,fr12,fr2_xyz,lk,0.40,1,3613,3613,100.0000,log
TUM,fr12,fr2_xyz,lk,0.40,2,3613,3613,100.0000,log
TUM,fr12,fr2_xyz,lk,0.40,3,3613,3613,100.0000,log
TUM,fr1desk_ext,fr1_desk,base,,10,,,,log
TUM,fr1desk_ext,fr1_desk,base,,11,,,,log
TUM,fr1desk_ext,fr1_desk,base,,12,,,,log
TUM,fr1desk_ext,fr1_desk,base,,1,,,,log
TUM,fr1desk_ext,fr1_desk,base,,2,,,,log
TUM,fr1desk_ext,fr1_desk,base,,3,,,,log
TUM,fr1desk_ext,fr1_desk,base,,4,,,,log
TUM,fr1desk_ext,fr1_desk,base,,5,,,,log
TUM,fr1desk_ext,fr1_desk,base,,6,,,,log
TUM,fr1desk_ext,fr1_desk,base,,7,,,,log
TUM,fr1desk_ext,fr1_desk,base,,8,,,,log
TUM,fr1desk_ext,fr1_desk,base,,9,,,,log
TUM,fr1desk_ext,fr1_desk,lk,0.40,10,570,571,99.8249,log
TUM,fr1desk_ext,fr1_desk,lk,0.40,11,571,571,100.0000,log
TUM,fr1desk_ext,fr1_desk,lk,0.40,12,570,571,99.8249,log
TUM,fr1desk_ext,fr1_desk,lk,0.40,1,571,571,100.0000,log
TUM,fr1desk_ext,fr1_desk,lk,0.40,2,570,571,99.8249,log
TUM,fr1desk_ext,fr1_desk,lk,0.40,3,570,571,99.8249,log
TUM,fr1desk_ext,fr1_desk,lk,0.40,4,571,571,100.0000,log
TUM,fr1desk_ext,fr1_desk,lk,0.40,5,571,571,100.0000,log
TUM,fr1desk_ext,fr1_desk,lk,0.40,6,571,571,100.0000,log
TUM,fr1desk_ext,fr1_desk,lk,0.40,7,571,571,100.0000,log
TUM,fr1desk_ext,fr1_desk,lk,0.40,8,571,571,100.0000,log
TUM,fr1desk_ext,fr1_desk,lk,0.40,9,571,571,100.0000,log
TUM,fr3_repeat,fr3_office,lk,0.40,1,2486,2486,100.0000,log
TUM,fr3_repeat,fr3_office,lk,0.40,2,2486,2486,100.0000,log
TUM,fr3_repeat,fr3_office,lk,0.40,3,2486,2486,100.0000,log
TUM,fr3_repeat,fr3_sitting,lk,0.40,1,1217,1217,100.0000,log
TUM,fr3_repeat,fr3_sitting,lk,0.40,2,1217,1217,100.0000,log
TUM,fr3_repeat,fr3_sitting,lk,0.40,3,1217,1217,100.0000,log
